Id,ORGANIZATION,NAME,GENDER,SPECIALITY,ADDRESS,CITY,STATE,ZIP,LAT,LON,ENCOUNTERS,PROCEDURES
f94bad87-d775-34ae-a123-4f9a3bc47b44,74ab949d-17ac-3309-83a0-13b4405c66aa,Gabriel934 Reilly981,F,GENERAL PRACTICE,881 Main Street,Fitchburg,MA,01420,42.586487,-71.80521,143,0
07539ad9-c655-3469-9c3b-c8c18010eb7a,17a4bae5-8b64-34d7-8144-b428be027bd0,Lindsay928 Ward668,M,GENERAL PRACTICE,512 MAIN STREET  SUITE 211,SHREWSBURY,MA,015456406,42.295109499999995,-71.71808471110307,73,0
78fdb01c-b199-339d-a828-0c248df5f675,e09d4c49-c2ef-3b0f-9a46-3719d9219306,Jules135 Emard19,M,GENERAL PRACTICE,60 HOSPITAL RD,LEOMINSTER,MA,014533290,42.54031915,-71.76312990486304,146,0
284de792-6429-3c5a-afca-e6742e665c5c,a58ec72a-cf43-3de5-88c1-de2fbec976a5,Riley817 Bartoletti50,M,GENERAL PRACTICE,255 CENTRAL AVE,CHELSEA,MA,021503508,42.38804035,-71.02650270378646,4,0
113463a0-053d-3fc1-86d2-325d9e278ab6,2f4e1b5e-e2ad-3081-80f5-4521124e9d28,Chasity985 Daniel959,F,GENERAL PRACTICE,171 HIGHLAND ST APT 303,TAUNTON,MA,027804446,41.8946107,-71.11113,65,0
1f0eb404-71df-32d7-9190-37dac2cafcea,2936ca90-6594-357d-be14-53fe0ab84dd1,Avis183 Ankunding277,F,GENERAL PRACTICE,11 TREMONT ST,KINGSTON,MA,023641231,42.00823215,-70.72984043580247,62,0
8e3b20b9-d9ff-3d85-9c44-5d9521a79767,ab701a70-a658-340e-8f69-ee196a7d40c6,Jolie499 Parisian75,F,GENERAL PRACTICE,484 RTE 134,WORCESTER,MA,016071728,42.2625621,-71.8018877,40,0
7bbfdc44-df21-358d-8899-3ef709a08051,11ba6a26-59b4-3728-a268-6dc9929962b4,Archie818 McCullough561,M,GENERAL PRACTICE,200 GOVERNORS AVENUE,MEDFORD,MA,021551644,42.42711615,-71.1121606632448,7,0
335fc6aa-6783-3587-877f-774bfb048ad0,52ecddd8-42f6-35cc-88a5-cf474c02fb49,Maxima831 Fahey393,F,GENERAL PRACTICE,94 OBERY STREET,PLYMOUTH,MA,023602130,41.93725,-70.65503160208334,10,0
63d723e0-b6e0-32c6-bada-2617b6304df7,65450d34-6d61-3601-b325-9d471587b016,Rachael540 Moore224,F,GENERAL PRACTICE,4 COURTHOUSE LN,CHELMSFORD,MA,018241731,42.62439345,-71.35881000636567,17,0
b56665a1-ee7e-349d-b734-7d3d10188ef0,fa564970-fde4-332c-91d9-c0747b032d3e,Jennefer743 Hudson301,F,GENERAL PRACTICE,34 SOUTH LINCOLN STREET,NATICK,MA,017606049,42.2731232,-71.3105334275248,30,0
13036b4a-959b-341b-af94-97ecadad456a,1311c44a-85cb-3aea-a143-e5d7892ced8b,Rudolf736 Reinger292,M,GENERAL PRACTICE,300 KENSINGTON AVE,SPRINGFIELD,MA,011071139,42.091896,-72.559437,47,0
62c6c76e-bb98-3504-aa09-d17dfbc70c60,667b46fe-0afa-3f70-a311-bbe3d52db050,Joshua658 Borer986,M,GENERAL PRACTICE,757 BOSTON POST RD,WORCESTER,MA,016071728,42.231371,-72.165386,13,0
eb02cc2a-17c6-3a02-8a5a-0d5a4bbee2e5,a4af40b8-0ddb-34bb-ae4a-95a17e9ad6f3,Cristopher265 Heaney114,M,GENERAL PRACTICE,100 MYLES STANDISH BOULEVARD  SUITE 103,TAUNTON,MA,027807340,41.948930849999996,-71.14141318475193,17,0
e399389c-628e-37ac-800f-a132700ebd08,8447e2c7-df8d-3e1f-9d88-b67dcca2bcb6,Shirley182 Baumbach677,F,GENERAL PRACTICE,22 HILLSIDE AVE,GROTON,MA,014501284,42.61232115,-71.5798529093222,3,0
2e28d79b-6fc1-3c66-a64e-201d99f472ed,5d4da50c-8593-304f-b266-57d8f7d634a2,Danette111 Klein929,F,GENERAL PRACTICE,250 SHEARER ST,PALMER,MA,010691428,42.168634600000004,-72.33353526811578,1,0
7500f39d-1f5a-3386-967d-891a65766ee4,84abfbd5-41c1-3df4-9b31-7ca93cb2309a,Cole117 Block661,M,GENERAL PRACTICE,85 HERRICK ST,BEVERLY,MA,019151790,42.56415055,-70.8751357650672,30,0
3794c7b7-9381-3569-aecc-4d845b23998c,1ddd51d1-7297-3c3b-bad5-98aecd5e4a79,Dinah304 Kub800,F,GENERAL PRACTICE,127 CAMBRIDGE STREET  SUTIE #2B,BURLINGTON,MA,018033735,42.50188325,-71.19559351572005,14,0
8352c042-7eb6-3114-9d53-0309f72e8b41,93c3d861-e05d-33b9-91eb-1768470229d7,Garret233 Thiel172,M,GENERAL PRACTICE,10 CENTENNIAL DR,PEABODY,MA,019607938,42.5261827,-70.9529896,33,0
964f81e3-47d8-3bc1-a467-463a0a7e1a0c,2e1eaaf1-ebb0-332c-8921-f48e15b91879,Tambra47 Nolan344,F,GENERAL PRACTICE,2 SEAPORT DRIVE,QUINCY,MA,021711599,42.29287335,-71.03019020136307,10,0
6bbe43f7-29c9-3706-b2b2-bf4e18047fc6,c272e12f-e154-3fee-b05d-b7c0cab2657d,Trinidad33 King743,M,GENERAL PRACTICE,800 WASHINGTON ST,NORWOOD,MA,020623487,42.1886973,-71.2005241,33,0
414e73b3-873a-3730-a850-8552907a88e2,32fcdfba-8c93-30f4-b15b-dd3b65c29deb,Jody426 Bernhard322,M,GENERAL PRACTICE,20 NORTH MAPLE STREET,HADLEY,MA,010359715,42.3615107,-72.55261320852942,5,0
76625c2d-e3ef-3caf-af0f-301f088e98ef,1e3ca321-fbbb-3546-b9ea-c3761a20324a,Noe500 Howe413,M,GENERAL PRACTICE,605 Lincoln Street,Worcester,MA,01605,42.297756,-71.766815,96,0
0f12fd5b-7925-3305-b832-b60fe43f4353,02c936e2-3aee-38b2-88a4-81f3689b7bb7,Aaron697 Kohler843,M,GENERAL PRACTICE,120 FISHER AVENUE,BOSTON,MA,021203320,42.3276141,-71.1051603,5,0
99418e79-c5da-3f0f-96dc-e2047c4f50ff,609ec9f1-e806-3427-b912-9e3b2915521d,Cherrie404 Conn188,F,GENERAL PRACTICE,575 BEECH STREET,HOLYOKE,MA,010406604,42.20105435,-72.628169560868,2,0
2772d2f1-d987-3899-8d42-87dce0022899,bf556284-7513-3620-a10e-5393183a9a87,Jesus702 Roob72,M,GENERAL PRACTICE,795 MIDDLE ST,FALL RIVER,MA,027211733,41.6924092,-71.16345107025307,161,0
2f2bb545-34ba-3216-8106-2c24ef1f8491,05137a62-1a8f-34ff-8baf-a0c35c238ea0,Colleen54 Olson653,F,GENERAL PRACTICE,750  ATTUCKS LANE,HYANNIS,MA,026011950,41.676027500000004,-70.29727035,18,0
ea4e6841-7047-3da4-b557-513d51a99bf8,7b9a19b2-d900-3f93-a47b-4b88491fb57b,Tommy814 Witting912,F,GENERAL PRACTICE,308 KINGSTOWN WAY,DUXBURY,MA,023324647,42.030389650000004,-70.73959947632582,1,0
f967ebaa-260e-37a8-bee1-4944da8843ff,a14e698d-a9ba-3eae-9c8b-682ec726433d,Karla801 Cummerata161,F,GENERAL PRACTICE,776 WESTERN AVE,LYNN,MA,019052408,42.466763,-70.9494939,10,0
7616c5a1-9d0b-3c95-abad-5ae4d130654e,a247ed53-5f17-3eb5-87be-1d2257fa1579,Jamal145 Weissnat378,M,GENERAL PRACTICE,44 KEYSTONE DR,LEOMINSTER,MA,014531904,42.55144955,-71.74402465363428,1,0
568d708f-36ae-3287-85b8-5a932b06ff81,a7147477-c4dd-3018-b921-2707d7e098ee,Chrystal576 Kreiger457,F,GENERAL PRACTICE,164 PARKINGWAY,QUINCY,MA,021695020,42.245070088637796,-71.00313070924581,5,0
389a1e3c-1bb4-3cdd-b345-1e9955d68c7f,5ba6765a-f335-36b0-9c6a-6bb494c5330d,Sasha806 Schamberger479,F,GENERAL PRACTICE,31 OLD ROUTE 7,WESTWOOD,MA,020902333,42.2139873,-71.2244987,10,0
1e3d5712-f47c-38fe-82a8-bad83f95ae92,b6eeaaf7-1683-3bcb-b6ee-81ce304636ef,Ariane992 Pagac496,F,GENERAL PRACTICE,170 GOVERNORS AVE,MELROSE,MA,021763225,42.4564323,-71.064182,204,0
3cd437d3-f92a-3531-87ba-8a072461940e,1c42af32-f17e-32ec-b007-4ff8e2de493e,Sherman440 Wunsch504,M,GENERAL PRACTICE,235 NORTH PEARL STREET,STOUGHTON,MA,020723396,42.1004556,-71.0668392,160,0
1af464e7-aa61-3670-a43d-14676128fdd3,de29a374-221b-3cb4-8051-a02c1a35e5b7,Morgan564 Marvin195,M,GENERAL PRACTICE,562 WASHINGTON ST,SOUTH ATTLEBORO,MA,027036942,41.912892049999996,-71.36135809627689,97,0
76713f12-d4c6-3dec-b7f0-8745d70cac7a,b03b624d-c939-3688-986d-9555b8009a3b,Trinity427 Hartmann983,F,GENERAL PRACTICE,230 MAPLE ST,HOLYOKE,MA,010405144,42.207406,-72.608419,7,0
84194999-7550-34fe-bae0-26b8d6337118,ea153d0a-9ccc-3769-9a25-934b417071b7,Tashina114 Towne435,F,GENERAL PRACTICE,463 WORCESTER RD,FRAMINGHAM,MA,017015354,42.3095704,-71.4413097,44,0
ce26ddfc-46e9-3a86-a477-ab44d2f83bb2,18061fd5-fda8-3e2d-87f0-0f3c87211bcc,Omer483 Koepp521,M,GENERAL PRACTICE,1493 CAMBRIDGE ST,SOMERVILLE,MA,021431408,42.3875968,-71.0994968,55,0
9ffd42af-a478-3be6-aaee-21398e896c8f,7489f6e0-fee6-3fff-90b6-444868eb907c,Mariette443 Rau926,F,GENERAL PRACTICE,1 KIDDIE DRIVE  SUITE 106,AVON,MA,023221182,42.130150349999994,-71.05720685110387,13,0
27f25c38-efaf-363b-a554-8ba9737148ff,1e11392b-1278-3e70-93cd-f396cbd0c265,Gerry91 Block661,F,GENERAL PRACTICE,115 LINCOLN ST,NATICK,MA,017607700,42.2843753,-71.3441395,338,0
687c5a80-d166-353c-9025-45ca8c6fd7ee,13161e5b-02d2-3d19-8b48-26ef0becfc83,Janet238 Crooks415,F,GENERAL PRACTICE,165 CAPTAIN'S ROW,CHELSEA,MA,021504019,42.3917638,-71.0328284,14,0
ca219aad-eff8-3fa7-8834-ecb4e62775a0,0fedae9f-701f-3317-9b2f-69aea2202cdc,Sharron285 Batz141,F,GENERAL PRACTICE,88 EAST NEWTON STREET,WINTHROP,MA,021522715,42.3750976,-70.982827,61,0
61d16569-4a40-3fac-a347-c60cf8037114,0cc04ba5-137a-3ef8-acda-e79b25960b2a,Bernardo699 Homenick806,M,GENERAL PRACTICE,25 ADAMS ROAD,WILLIAMSTOWN,MA,012672928,42.7009605,-73.18515951851253,9,0
ad0a0948-1f0b-3db6-b785-7b7f5a80f0c7,4b7c1695-a178-3e03-8651-51acfd3b8372,Jesusita936 O'Keefe54,F,GENERAL PRACTICE,600 OLD SOMERSET AVE,NORTH DIGHTON,MA,027641824,41.86399,-71.1244904,38,0
e968018c-69b9-3de3-b2d4-48a4291f8bd3,a3327df4-d092-350b-b551-e60c82076c9a,King743 Predovic534,M,GENERAL PRACTICE,46 NORTH MAIN ST,W BROOKFIELD,MA,015853232,42.23754835,-72.13791547215251,42,0
cc15e050-af34-33b1-8cda-2d19757141b6,aade280a-3b90-3e48-9648-91109a964a63,Johna806 Klein929,F,GENERAL PRACTICE,909 SUMNER ST,DARTMOUTH,MA,027473826,41.6332267,-70.9879928,325,0
8778795a-8047-3d98-8c41-e8596a1ee0ec,981338c4-287c-3621-bc45-8b0b9f1b8922,Cari853 Kohler843,F,GENERAL PRACTICE,640 BOLTON ST,MARLBOROUGH,MA,017523999,42.3658183,-71.55914630258509,47,0
e871455b-e4a6-30ee-af5f-71da6d6186ab,e59fb2d5-508c-38c6-af2e-21d8216dd2b0,Nicholle822 Fisher429,F,GENERAL PRACTICE,759 CHESTNUT ST,WARE,MA,010821625,42.256476,-72.237482,323,0
89326db3-7a80-3a3f-a2c1-4ad0f581970e,ad007cc5-a3df-3aa7-886d-5123ab59d189,Tiesha180 Maggio310,F,GENERAL PRACTICE,85 N WASHINGTON ST,NORTH ATTLEBORO,MA,027601634,41.98443775,-71.33190349847027,2,0
654e8ed3-ccc6-3b35-9711-8d346c81635c,794b1cc2-97be-30a4-83a0-4bf6add43c74,Lillia547 Gutmann970,F,GENERAL PRACTICE,215 THATCHER STREET,BROCKTON,MA,023023949,42.0740963,-70.99660306096918,7,0
a0665dfe-17c6-3185-9868-d5686aefc9dc,440fa4b8-c731-3cf5-81d9-aa3f30a37b95,Joanna347 Abbott774,F,GENERAL PRACTICE,41 & 45 MALL ROAD,PEABODY,MA,019602901,42.5278731,-70.9286609,304,0
819e349e-35c8-330b-a918-bcea63f4d9d0,0fab3c4e-a028-39a6-b15a-be5a88b6aa2a,Miyoko154 Paucek755,F,GENERAL PRACTICE,222 STATE STREET,LUDLOW,MA,010563437,42.15547415,-72.47222226666076,880,0
816f16ac-ad98-3f23-9156-9d9aa4c2f1b8,b0016371-afcb-37a6-8f90-5e3786e7806f,Shella455 Toy286,F,GENERAL PRACTICE,629 SALISBURY ST,WORCESTER,MA,016091120,42.2932691,-71.8390048,1,0
cfbe8698-e886-3c07-afc5-37f3c552c06e,ab074997-79db-3114-b6ac-5c21cda8ee3a,Maryanne663 Abernathy524,F,GENERAL PRACTICE,111 HEADWATERS DR,HARWICH,MA,026451028,41.705945549999996,-70.08904355,3,0
d38e41da-b8e8-361c-a176-db1d8d846082,c92cc255-6778-3307-8092-987d667be4ce,Merle11 Bogisich202,M,GENERAL PRACTICE,89 FOSTER ST,PEABODY,MA,019608925,42.5278731,-70.9286609,22,0
f1a2e595-4e18-3e05-975c-3040aad01894,ad82d624-72eb-3c7d-a76d-79f2668d1390,Georgianne697 Howe413,F,GENERAL PRACTICE,3 WOODLAND RD,STONEHAM,MA,021801711,42.452443099999996,-71.08939988105112,46,0
5dcb3a03-8c2b-394b-9187-e541da5728a2,70a26106-6797-39f8-83e6-6bcf212b99ad,Christopher407 Mohr916,F,GENERAL PRACTICE,340 MAIN ST,WORCESTER,MA,016081601,42.53616075,-71.74831883675786,63,0
7db8d064-ba95-3d85-a9a5-87d34b03e1f9,b8421363-9807-3b16-a146-95336eea5cfb,Cleveland582 Kuphal363,M,GENERAL PRACTICE,30 LOCUST ST,NORTHAMPTON,MA,010602052,42.33032115,-72.65330802608176,9,0
63299a1d-fd7b-34fb-9ffc-c65af1ab25f7,24460683-f514-37ef-98c1-724b2fc9aa2a,Dale454 Wilderman619,M,GENERAL PRACTICE,60 HODGES AVE,TAUNTON,MA,027803034,41.91158935,-71.10129620180315,748,0
e4dfec63-9c1d-35cd-907c-f37c0baa61f3,fbd4ccdf-2fdb-3652-9bbe-1ccff886bd34,Tana168 Collins926,F,GENERAL PRACTICE,320 CENTRAL STREET  UNIT A2,SAUGUS,MA,019062372,42.4632069,-71.0093761,4,0
bbf59897-2f2e-336d-9b06-a71f911a9a92,b8e724d5-b999-3029-8a2d-ad30fbd0b9ce,Dorris197 Rolfson709,F,GENERAL PRACTICE,63 MAIN ST,BROCKTON,MA,023014042,42.084598840000005,-71.01995972,68,0
030d86b0-fe6a-3927-95c0-0b96f8106ff9,901c2d40-1ca3-3879-9a20-c663b8adc0a9,Chanelle850 Schuster709,F,GENERAL PRACTICE,800 WASHINGTON STREET,STONEHAM,MA,021802445,42.4863168,-71.0928919,123,0
47959d5e-ee8f-3e33-b2f4-c04aac632506,b9e35b8a-9831-32d8-a6dc-d7a546c126b0,Domenic627 Blick895,M,GENERAL PRACTICE,111 HUNTOON MEMORIAL HIGHWAY  1ST FLOOR,SPRINGFIELD,MA,011092550,42.1018764,-72.5886727,472,0
97955cf7-cdc0-34bd-b824-d40fcc627e9a,06988693-a9d8-392b-a2ce-a07de8a931ad,Krystyna791 Reinger292,F,GENERAL PRACTICE,136 BOSTON POST RD,SUDBURY,MA,017762406,42.3638568,-71.39664274207772,3,0
b1f018e1-db29-3bef-b6be-d51afbe65e8f,70d5bbef-3c05-3318-b9d7-003dc8fbb8cf,Wilfredo622 Little434,M,GENERAL PRACTICE,33 SUMMER ST,TAUNTON,MA,027803479,41.9005416,-71.08895606814966,1,0
e538124d-5991-3f16-bb02-4536551762b4,7a75decf-7d3f-3b0d-8c2b-3abf0a8c7f58,Afton574 Kulas532,F,GENERAL PRACTICE,169 LIBERTY ST,MIDDLETON,MA,019491003,42.615226050000004,-71.0144865346162,49,0
e19ace55-7b58-3a6b-9ef1-113c33b0047a,38508743-50d1-3429-8fe2-37e42ddaf20e,Marth98 Mayer370,F,GENERAL PRACTICE,164 HIGH ST,GREENFIELD,MA,013012778,42.595268700000005,-72.59288632376354,61,0
efaedea4-0251-3e1f-beb9-2602fd04abad,e1818b21-4458-3b9c-b2b8-7ed6f57ae078,Sid118 Wilderman619,M,GENERAL PRACTICE,2399 BOSTON ROAD,WILBRAHAM,MA,010951185,42.14668485,-72.45048427046072,26,0
29a4aec7-a06e-3b30-a72d-e7bbce260ef3,1d87bbfa-19aa-3128-adca-420ff8d5a12a,Junior695 Pacocha935,M,GENERAL PRACTICE,771 CHURCH ST,NORTH ADAMS,MA,012474109,42.680927100000005,-73.09950699822534,42,0
c056a33b-ecd0-33e0-95d3-bc4e1bb0718a,f2068cee-c75c-321d-9b2c-c33535db89c9,Charles364 Prosacco716,F,GENERAL PRACTICE,32 BOSSI AVE,RANDOLPH,MA,023682002,42.20017865,-71.0582074,72,0
3c54777d-96e6-34be-8192-0ce1f623d789,357e489c-304e-3495-8354-62e85b5896b5,Marlys304 Schoen8,F,GENERAL PRACTICE,75 HERRICK ST,BEVERLY,MA,019155900,42.56305785,-70.87604053437136,34,0
2fe63e92-80ba-3c89-a61f-1cc57115b24e,5018c664-e283-30eb-932a-529d9a19b3b5,Rochell365 Stehr398,F,GENERAL PRACTICE,300 SOUTH ST,WOBURN,MA,018014979,42.473347,-71.144086,123,0
78533487-be9e-32b8-9e26-601d7cd5c5fe,0caa0116-ef9a-3d4c-bcff-9c405a9d2bda,Aubrey96 Emard19,M,GENERAL PRACTICE,105 CHESTNUT ST STE 35,PLYMOUTH,MA,023604054,41.884685,-70.847219,93,0
3ef9823d-c85d-31b0-9258-d2b3ef7091bd,4ff3563e-f909-3a06-902d-26c28d9d5355,Kirk871 Cormier289,M,GENERAL PRACTICE,876 FALMOUTH RD,HYANNIS,MA,026012322,41.6619029,-70.31909857281401,1,0
dcdb933f-9a50-3a40-8e35-edeb04a66229,d140ed3f-2696-3e78-bd77-1c959ec4fc4d,Jamal145 Marks830,M,GENERAL PRACTICE,863 HATHAWAY ROAD,NEW BEDFORD,MA,027401916,41.6512968,-70.9669902070805,25,0
95cffceb-9ed9-3a70-8460-98b826137ee8,bccd7d67-203c-3d93-b6b0-bff5a146cd1d,Courtney281 Kihn564,M,GENERAL PRACTICE,286 WASHINGTON ST,STOUGHTON,MA,020721763,42.1384306,-71.1022598,39,0
d63b16b8-88ce-39e4-8a3f-d950569bfea1,63cb4d95-04a9-3a35-b5d9-f89e0377a48d,Thanh759 Weber641,M,GENERAL PRACTICE,211 PARK ST,ATTLEBORO,MA,027033143,41.9419187,-71.2752081695297,186,0
382f637a-0b5c-3ad9-828c-59682d83e8fb,6e290541-eba3-37fc-a3e2-e58f77e84c7e,Christeen33 Toy286,F,GENERAL PRACTICE,15 LENOX ST.,SPRINGFIELD,MA,011083122,42.085779,-72.55846414285715,32,0
312a6dd1-f486-3e3f-b0b5-7c627b91937b,db28cc9a-fdfb-35a6-aef7-ab9b933ef244,Clement78 Gleason633,M,GENERAL PRACTICE,8 DANA STREET,CAMBRIDGE,MA,021385402,42.3694992,-71.11011030010101,13,0
53ef54ef-2127-35e0-8fb3-528864c1b5e9,19a65317-5d32-355e-8f82-88933d48366d,Carl856 King743,F,GENERAL PRACTICE,5 PRECINCT ST,LAKEVILLE,MA,023471468,41.8455651,-70.95195924208448,42,0
aba53952-a61c-3d62-874e-3625fb04e8e1,ee6705d5-db4a-3120-bbe1-1e72972a841f,Erick204 Huel628,M,GENERAL PRACTICE,101 JACKSON ST,LOWELL,MA,018522103,42.64221447368421,-71.31029421052632,41,0
46609313-40f5-3b4b-bab3-4d61233b3c6c,a6fb79e7-4abb-3a68-b62d-e501427fdca4,Barb55 Renner328,F,GENERAL PRACTICE,489 WASHINGTON ST STE 202,AUBURN,MA,015015709,42.187836,-71.83104,50,0
1fb98c15-6a36-394d-a00a-d9874c838cca,52e42aa3-27fb-3298-a3ae-25529dfe6347,Kaley842 Mills423,F,GENERAL PRACTICE,85 BEAUMONT DR,NORTHBRIDGE,MA,015341093,42.15719035,-71.6521339767302,2,0
105cb502-b7cb-3c24-ae9e-d4af1c34b962,9d0e702d-50a0-3f4c-9126-0951d560fd4b,Otha286 Roberts511,M,GENERAL PRACTICE,189 MAY ST,WORCESTER,MA,016024339,42.25986305,-71.83597786023279,601,0
69dbe58f-3761-3d44-b9f8-bc40cdb7c537,ea8d287f-b3a9-3800-8798-788e334ee406,Shirly501 Kuphal363,F,GENERAL PRACTICE,81 HIGHLAND AVE,SWAMPSCOTT,MA,019072928,42.4699241,-70.9171507,5,0
d4ccd7a6-2068-3f8f-a5af-b86e3ec09769,c7542447-e06e-32cb-b6db-243c23a0dbc2,Raquel318 Leyva523,F,GENERAL PRACTICE,30 WARREN ST,BOSTON,MA,021353602,42.3501483,-71.14393324457691,53,0
c43464a9-e8d8-3dde-87ec-abccb3e401fb,50c47685-8125-3c50-8311-8bd7ba9e9108,Beth967 McKenzie376,F,GENERAL PRACTICE,4199 WASHINGTON ST,ROSLINDALE,MA,021311733,42.2871447,-71.1277526,33,0
b3e66b77-dac1-3c9f-85d2-7b9bf360e536,6dafa732-cdaa-37ab-a33c-b14878e841d7,September423 Howe413,F,GENERAL PRACTICE,400 BROOKSBY VILLAGE DRIVE,PEABODY,MA,019601488,42.55186794282506,-70.97276672693852,5,0
0f991209-17c4-31e3-bcd4-9b6d4575a487,0b2738b6-7911-3aa4-8b6e-7e1df7c14fe1,Hilton264 Stokes453,M,GENERAL PRACTICE,888 N MAIN ST,BROCKTON,MA,023011668,42.1061239,-71.02807965450519,1,0
5f8df664-267a-3977-835b-997c715fb833,46375470-1e20-3ddc-8dc5-010ba53826b6,Clara183 Reynolds644,F,GENERAL PRACTICE,40 WRIGHT ST,PALMER,MA,010691138,42.16934095,-72.34120457065711,115,0
4a85cbbb-a51e-39c9-8516-ddce315d1d37,aba3e6f6-4562-342e-b90f-dd61b117f394,Maryjane289 White193,F,GENERAL PRACTICE,438 CHESTNUT STREET,SPRINGFIELD,MA,011072008,42.11291091861002,-72.59692685125127,6,0
cf062e45-2132-356f-a288-b256e6cd232d,a4b91172-69e7-3895-bd89-b9a0868de5c2,Salvador46 Wolff180,M,GENERAL PRACTICE,651 ORCHARD ST,NEW BEDFORD,MA,027441052,41.6149879,-70.93113851963673,70,0
c7f47617-9df9-3a0d-87b0-4ca1132304ec,47fb5a56-bee5-3ecd-9958-706b20831c82,Ezra452 Torp761,M,GENERAL PRACTICE,600 CUMMINGS CENTER  SUITE 270X,WOBURN,MA,018016356,42.4792618,-71.1522766,6,0
02a50e1a-230d-367c-9206-02e7726a0731,eee00932-ca82-36bc-b7e8-e3fff6dbaeaa,Cira533 Hane680,F,GENERAL PRACTICE,450 BROOKLINE AVE,WEYMOUTH,MA,021893141,42.2212188,-70.9391625,348,0
2482bb35-6e58-3da4-8bd8-33e4199f703f,50c7f768-9138-3dae-a67d-953bdf9ad754,Evelia928 Bogisich202,F,GENERAL PRACTICE,125 COUNTY STREET,TAUNTON,MA,027803561,41.8960599,-71.07799243944345,30,0
a19f3621-7ff2-36db-801f-1d4d6c761435,be509ccb-bfb7-3b87-8945-8426b689ef9d,Chong355 Balistreri607,F,GENERAL PRACTICE,2049 DORCHESTER AVENUE,BOSTON,MA,021244742,42.3554334,-71.060511,1,0
b9e11da7-6e61-3aa4-8e09-8c674b4c3c70,a06b1a97-d6ce-3ea1-ba4a-2ef85a8114ab,Wanda961 Goyette777,F,GENERAL PRACTICE,400 GROTON ROAD,AYER,MA,014321171,42.57821195,-71.5733060441645,36,0
562b502b-0221-31e6-8665-12c6b21dd8e9,6c7fe370-02c4-3537-8f5e-373b2168b933,Charlesetta336 Swift555,F,GENERAL PRACTICE,60 HOSPITAL ROAD,LEOMINSTER,MA,014533791,42.54031915,-71.76312990486304,13,0
0a91b197-21c3-3990-949e-c27081675dfb,f8918a95-31e8-3ac4-8d12-29ca6080ebda,Domitila545 Vandervort697,F,GENERAL PRACTICE,199 REEDSDALE RD,MILTON,MA,021863926,42.251368299999996,-71.0768393856917,338,0
837e0895-da08-39b8-9ed1-a7e1f7a2deea,8d5880eb-1dd8-31ea-b7c5-21709f3bb341,Jared66 Satterfield305,M,GENERAL PRACTICE,50 ROWE ST,MELROSE,MA,021763201,42.4592093,-71.06078096379728,19,0
1f31977b-6184-3cdd-a695-7518a829286b,0ec04450-c150-322d-b2c3-1449d672a23c,Renaldo199 Huels583,M,GENERAL PRACTICE,110 W SQUANTUM ST,NORTH QUINCY,MA,021712122,42.27259075,-71.03082765,31,0
9d94ae74-997e-3747-b2b1-29071d042ae6,3ff0f58b-7a1f-3334-9449-ff15f68b7d86,Winston220 McCullough561,M,GENERAL PRACTICE,275 SANDWICH ST,PLYMOUTH,MA,023607761,41.94186605,-70.6455366462985,237,0
73a48707-f70c-3751-ac1f-d52d8da911aa,75846b1f-d0ec-3255-9bdd-d09eb0a9dd0d,Paul232 Bartell116,M,GENERAL PRACTICE,575 BEECH ST,HOLYOKE,MA,010402296,42.20105435,-72.628169560868,26,0
cc62717f-5f44-36f0-8654-049a22b0c1c9,dd280187-8662-3732-af81-595d10572911,Clifton91 Lakin515,M,GENERAL PRACTICE,4499 ACUSHNET AVE,NEW BEDFORD,MA,027454707,41.74026055,-70.9450945705336,145,0
59a3fc23-5375-3f63-a2a7-c3babf26f75a,a6964d47-8af0-3df2-b99d-d8414eb1cfa3,Adrienne302 Schiller186,F,GENERAL PRACTICE,200 MAY ST,SOUTH ATTLEBORO,MA,027035520,41.924394750000005,-71.36076410900014,123,0
455c9659-d966-3cb9-a135-2599f7d0f038,a7b047dd-186a-32de-8187-b0853c05aed6,Melida518 Mayert710,F,GENERAL PRACTICE,180 LOW STREET,NEWBURYPORT,MA,019503519,42.815683050000004,-70.89666045994463,6,0
d0057050-6ef3-34c6-a9c5-2388ef5c9c9e,542185c1-943a-30f4-aba0-0efaa92488a4,Wilbur107 Rau926,M,GENERAL PRACTICE,142 LAKE ST,ARLINGTON,MA,024764738,42.40328885,-71.15140830652837,47,0
37e47ef2-bc9c-3be3-aa18-c9b8d0dc0394,de32e6d9-848e-35d4-a217-e62eb5e0bc7b,Elise948 Abbott774,F,GENERAL PRACTICE,77 HIGH ST,NEWBURYPORT,MA,019503071,42.8055312,-70.87001791778893,1,0
734b372a-3fd5-302f-91f2-dfa1ae2c14ea,44cb1162-a345-3477-8723-c202a3c8cdcd,Shaquita282 Graham902,F,GENERAL PRACTICE,73 W MAIN ST,HOPKINTON,MA,017481619,42.21799145,-71.54005509979045,91,0
01e64ca0-9d56-31ff-bfeb-ad7ba6e28425,0519b293-2e92-3eb3-aeef-233da0babc93,Mayte822 Enríquez603,F,GENERAL PRACTICE,40 PARKHURST ROAD,CHELMSFORD,MA,018241511,42.6198215,-71.36189212971482,1,0
c57b9fd7-2203-3b00-a914-b0eba2cacf9b,5c896155-eb9a-383e-9162-a43ebb7f1cc5,Nannie905 Mayert710,F,GENERAL PRACTICE,400 LINDEN PONDS WAY,HINGHAM,MA,020433784,42.1972249,-70.91712645007524,10,0
8eac963a-dea9-3998-bf4a-38eeca5f0c9b,4ffc4e4b-9d8d-3c30-ad84-fc9a7209da94,Madelyn308 Carter549,F,GENERAL PRACTICE,4525 ACUSHNET AVENUE,NEW BEDFORD,MA,027454727,41.74080975,-70.94731021257817,7,0
f930de41-dff0-3657-9388-409277fab775,bebc1dac-6c42-3225-b0ba-23278cdf2a62,Cherry401 Hackett68,F,GENERAL PRACTICE,464 MAIN STREET,AGAWAM,MA,010011826,42.07695165,-72.62026217030348,18,0
cff45041-54d5-3e91-9f32-0bc772617691,70e943de-a18b-3e03-a204-ecca2f01b6d1,Liliana922 Wolf938,F,GENERAL PRACTICE,76 NORTH MAIN STREET,WEST BOYLSTON,MA,015831130,42.393642299999996,-71.79207534741954,27,0
30effc78-2a86-3bf6-8b0f-fe98e6a146e5,e69e7cbb-8362-30d1-83f2-3a0c492fe2b1,Chris95 Kub800,F,GENERAL PRACTICE,110 LONG POND RD,PLYMOUTH,MA,023602642,41.9255829,-70.65514326847389,130,0
3e6fbf86-e697-3d8f-b21e-9c19277732e6,afc661fd-71d9-3fc3-adf2-3fc3b5e8a140,Leontine92 Schmeler639,F,GENERAL PRACTICE,680 CENTRE ST,RAYNHAM,MA,02767,41.9487118,-71.0731008,169,0
a12eecbc-734d-319d-9240-2d587c432d53,be9a14c1-72a6-3186-b199-fdb070768458,Tanner110 Roob72,M,GENERAL PRACTICE,18 FRANCES ST,WOBURN,MA,018013006,42.488288600000004,-71.15015700746171,1,0
fa392e3c-4d89-30a9-8145-f29c1491fab8,06cc2462-430f-3322-9c87-7e971125f510,Bryon392 Mann644,M,GENERAL PRACTICE,133 OLD ROAD TO 9 ACRE COR,WESTFORD,MA,018863198,42.5792583,-71.4378411,8,0
3d560343-1185-3c34-abe6-204953dbd1cc,db106514-f254-3402-b6a4-6d210c78c7e2,Olivia294 Anguiano812,F,GENERAL PRACTICE,211 FRANKLIN STREET,QUINCY,MA,021697833,42.23691085,-71.00237199954586,9,0
0a123279-a114-3740-b2aa-63b240f5d2be,ee7fab6f-6438-394f-b1f2-3e452f8f055a,Trey250 Satterfield305,M,GENERAL PRACTICE,75 BRIMBAL AVENUE,BEVERLY,MA,019156009,42.570099299999995,-70.87108224250409,47,0
1fa0734a-f1d0-3402-bb50-297771b1cb94,79508e39-d0b0-3613-9d54-168f6e1c3a18,Lynwood354 Tromp100,M,GENERAL PRACTICE,200 GROTON ROAD,GROTON,MA,014502056,42.577352149999996,-71.57414587343038,1159,0
607d3400-4317-3343-a104-d092ab0bf5f1,922d1031-d968-39c2-b73c-d5a495c39068,Todd315 Steuber698,M,GENERAL PRACTICE,350 LINCOLN ST STE 1102,HINGHAM,MA,020432801,42.248735,-70.9209846,61,0
4527efa5-898c-3ea4-9a73-35acfd2b035d,880fad59-9c38-3a21-a39f-ccc801502ab3,Maurice742 Pollich983,M,GENERAL PRACTICE,799 CONCORD AVENUE,CAMBRIDGE,MA,021381048,42.390849395521705,-71.1556550001627,1,0
2d3d4f01-12d9-3a43-8a89-f1ecd876d1e7,34f7bdc0-0550-333e-a53f-5e2af5a6d4ec,Mable471 Kreiger457,F,GENERAL PRACTICE,212 S MEADOW RD UNIT 5C,PLYMOUTH,MA,023605450,41.9426657,-70.7618592,53,0
bb6ec630-17cb-3faf-8a33-f692f8b46d9e,e34d8448-8b98-3f91-9fe7-faeb8a78e1db,Gordon377 Monahan736,M,GENERAL PRACTICE,NEW ENGLAND SINAI HOSPITAL,MILTON,MA,021862377,42.2501425,-71.065573,23,0
22a209b7-15eb-345e-9ae6-da9b860a3fdf,a2d45ee8-b930-3169-b612-f602961ad212,Valentine262 Leannon79,M,GENERAL PRACTICE,37 MINUTEMAN WAY,SHREWSBURY,MA,015452229,42.288207,-71.73443816915585,133,0
9a4e4f50-6ba7-3449-91ef-d2c8ab4592f8,8213f591-b5fe-3cf5-a9c4-36729d16b75e,Kellye282 Hessel84,F,GENERAL PRACTICE,120 LONGWATER DR STE 200,NORWELL,MA,020611653,42.15682485,-70.8792143504961,7,0
2324fde2-5689-39b2-8213-db54a7acc30b,4887dc20-9ef6-3cc2-9c56-858388049a50,Antonia30 Ávalos396,F,GENERAL PRACTICE,168 WEST CENTRAL STREET,NATICK,MA,017604122,42.282113100000004,-71.37898579435048,4,0
9946c3e8-fa3d-3427-a0ca-cbb8076ec2ae,4fa643ae-1f58-3c2e-9f33-0ba56345ad10,Sharyl439 Williamson769,F,GENERAL PRACTICE,361 MAIN ST,WAREHAM,MA,025712153,41.761384899999996,-70.71911431737183,40,0
33f991de-f789-34ee-b018-12e74dd758ca,e98ef46c-e94c-34bc-9cf5-134d8ddcbac5,Patsy569 Olson653,F,GENERAL PRACTICE,10 EMORY ST,ATTLEBORO,MA,027033002,41.9447388,-71.27972821642685,6,0
dea903d6-ccc4-33b8-a715-a84667dba556,d6b03647-983f-3162-af9e-b12aea026f13,Son314 MacGyver246,M,GENERAL PRACTICE,65 NEWBURYPORT TPKE,NEWBURY,MA,019501199,42.7891081,-70.87774011339009,14,0
eb44cc61-a6bf-3415-9472-0735fc19faab,fd5342f0-10c0-3f48-9c7e-7100a64db139,September423 Abshire638,F,GENERAL PRACTICE,30 PRINCETON BOULEVARD,LOWELL,MA,018512405,42.6353691,-71.3322833,3,0
418f6f44-b662-3182-bbc8-f45789cd3493,03c5769d-b185-35ee-b563-9e651cff95bc,Alina705 Rohan584,F,GENERAL PRACTICE,807 WILBRAHAM RD,SPRINGFIELD,MA,011092067,42.1108434,-72.5341133,1,0
bb9e64b6-51e7-3092-b66e-6f7c4077bad7,2f67494e-f17e-3248-ba68-3ca42913cca1,Brock407 Bergstrom287,M,GENERAL PRACTICE,184 MAIN STREET,FAIRHAVEN,MA,027193259,41.646106,-70.90865208079187,86,0
7fb376d4-ac50-34dd-89f8-19d6431aa357,46e66051-c061-3c31-b439-1d71df92db1c,Bree992 Denesik803,F,GENERAL PRACTICE,11 NORTH ST,STONEHAM,MA,021801040,42.50329135,-71.10023035268328,1,0
323a9fbf-b220-37cb-81cb-bbf72a73d9d0,52efa2e5-007f-3396-a83a-28ca015f0595,Walton167 Turner526,M,GENERAL PRACTICE,20 N PARK AVE STE 2200A,PLYMOUTH,MA,023604090,41.960434631488596,-70.67007876763536,11,0
8acc5262-aba2-398a-8ef9-5d8bb0a59536,fd938c9f-a355-3ec7-96f8-516240ea1ba2,Sylvester827 Beahan375,M,GENERAL PRACTICE,529 MAIN ST STE 126,PLYMOUTH,MA,023604842,41.7664657,-70.7266525,1,0
f0cd5bc7-e621-3f6f-b203-69859575abaf,b5789b71-fc8e-3b7e-9eb2-3fc577943117,Ralph813 Miller503,M,GENERAL PRACTICE,81 RESERVOIR DRIVE,ATHOL,MA,013314901,42.581152349999996,-72.18775715069674,70,0
a57a7d5a-f71a-374c-a215-21aa6d543e0e,edd58f69-ad5f-346b-b1f9-530ccdc895f6,Johnathan55 Padberg411,M,GENERAL PRACTICE,52 CARPENTER ST,ATTLEBORO,MA,027032472,41.9369576,-71.27996091755344,78,0
b1680f9f-6d20-3b79-a4db-6f2994d77bfe,0334ad53-5d57-384e-a411-63b075139c06,Silas208 Stamm704,M,GENERAL PRACTICE,66 CENTRAL STREET,EAST BRIDGEWATER,MA,023331913,42.03160525,-70.9572577506426,12,0
4807d239-63f8-3483-9ae7-dfe008ade911,4ba48ef6-19f2-3177-bfaf-096daaebf26a,Gerald181 Wunsch504,M,GENERAL PRACTICE,275 TURNPIKE ST,BRAINTREE,MA,021845328,42.2064195,-71.005067,65,0
abb3bfed-e4a5-3181-95c1-b3fcc8f0601c,936ceb96-2b12-371f-aa68-ee02a9c06f4c,Eddie505 Keeling57,F,GENERAL PRACTICE,225 BOSTON ST,LYNN,MA,019043124,42.470497449999996,-70.96003668151566,71,0
4e277397-5afb-3482-8b8d-8c5ad2fb3c83,5d0d1d11-dd8a-3d28-b029-93062b6798a5,Tamika537 Flatley871,F,GENERAL PRACTICE,378 PLANTATION STREET,WORCESTER,MA,016052324,42.27966095,-71.7626143755108,1,0
ee8440d1-bfd8-39c6-9279-564327677358,93bf4a6b-8fb3-3a1e-9be6-4958736f2bfb,Dee580 Trantow673,F,GENERAL PRACTICE,1102 WASHINGTON ST,BRAINTREE,MA,021845438,42.19876545530798,-71.00672788298964,3,0
42901b6f-5d97-357d-84ba-ff5b84742814,7b20d1c4-c56b-3647-801c-5e4e13679073,Mozell819 Prohaska837,F,GENERAL PRACTICE,275 SANDWICH ST,PLYMOUTH,MA,023602183,41.94186605,-70.6455366462985,203,0
1b26c21c-4c88-3edc-b8a9-9649c8da769e,281525ef-5743-34a8-9339-66c8b4be6668,Jacobo456 Quintana711,M,GENERAL PRACTICE,555 PLANTATION STREET,WORCESTER,MA,016052376,42.2907683,-71.7649752,2,0
c40b7e98-8a9b-3361-80cd-9a663a561273,3e97ce4f-3ad7-3cea-883f-e2bb4ca89d83,Dan465 Swift555,F,GENERAL PRACTICE,30 NEW CROSSING RD,READING,MA,018673270,42.51809619399502,-71.0959083715027,2,0
f24ecac0-9576-3b33-88dd-3253015bbe15,36d328a2-68bb-3967-a9bf-00897a7c945f,Jettie913 Rodriguez71,F,GENERAL PRACTICE,299 WAREHAM STREET,MIDDLEBORO,MA,023462905,41.869676,-70.873384,9,0
229024e8-c07c-30c6-a7d3-ba44c665a357,5225cc87-6a30-303c-a882-5f001cee7f0e,Ila598 Boyer713,F,GENERAL PRACTICE,110 W SQUANTUM ST,QUINCY,MA,021712122,42.27259075,-71.03082765,45,0
bf52d765-3f10-30d0-b9dd-8aaee638da9c,6d6ef57e-b2ce-3a69-bacf-4305c51834b0,Lesha323 Skiles927,F,GENERAL PRACTICE,186 HIGHLAND AVE,SOMERVILLE,MA,021431507,42.38845955,-71.10666839512322,2,0
a2d36887-9446-3b83-8320-2b3dd1334439,666c3e81-2ec6-3bff-9dcc-a704edd86960,Cassi819 McClure239,F,GENERAL PRACTICE,770 CONVERSE STREET,LONGMEADOW,MA,011061719,42.0639853,-72.5521444,38,0
cecc2aff-7b25-3f20-94ad-94c494c390f3,cc400ddc-c38d-3604-8d89-cea21555719f,Fritz267 Kirlin939,M,GENERAL PRACTICE,87 CHESTNUT ST,NATICK,MA,017603644,42.293559188306446,-71.35158050924959,94,0
fe6374df-27dd-3927-ab03-18cb1172cab9,51370692-6296-3150-8672-559fc73f964f,Almeda560 Okuneva707,F,GENERAL PRACTICE,75 FRANCIS ST,WEST BRIDGEWATER,MA,023791542,42.0219112,-71.019004,210,0
010e4724-fa73-3ba9-a0fe-f102febe3055,cdc87240-38e9-36f8-959b-706642e01e11,Vicente970 Armstrong51,M,GENERAL PRACTICE,243 CHARLES ST,STONEHAM,MA,021803559,42.4814675,-71.0924311,177,0
71cbea1e-2e49-3383-9587-ee74aa5b3b15,c6b019eb-28ec-36f6-abf3-bcc4d1d58966,Sherwood961 Aufderhar910,M,GENERAL PRACTICE,33 AVON ST,WAKEFIELD,MA,018802310,42.50403445,-71.07462951514611,61,0
82aa6285-a5d6-3cf1-83ea-ae7b55ae3ae3,b5b380d2-df21-3389-abf0-08551c7e1f2d,Madeline975 Friesen796,F,GENERAL PRACTICE,85 PATTON RD,DEVENS,MA,014344401,42.5304204,-71.61505519305638,52,0
54c467a2-91e0-328b-ba8e-b33e39b20e3f,06376cbe-4880-384b-b459-7ce3eef36ced,Cody889 Ratke343,F,GENERAL PRACTICE,387 QUARRY ST,FALL RIVER,MA,027231026,41.6932713,-71.1402431739568,33,0
d35a9bb4-d085-38cb-8772-374c6baf7e0e,b6717471-7f78-32c4-b1c5-e3a6310553d7,Noe500 Roob72,M,GENERAL PRACTICE,15 RAILROAD AVE,TOPSFIELD,MA,01983,42.6375935,-70.9494966,71,0
dd077faa-2e2c-3aab-8138-bd03a0bce06a,2836d9ac-c6a6-39d1-8f13-fdf0fc8928f4,Alysha630 Koch169,F,GENERAL PRACTICE,365 EAST ST,TEWKSBURY,MA,018761950,42.6069472,-71.2180803,612,0
7ba86e2b-52ba-396b-8858-b6d9ec11d42b,a2f8d8fe-665e-390f-8b9b-efdc0b14a77c,Armand155 Towne435,M,GENERAL PRACTICE,161 JACKSON ST,LOWELL,MA,018522103,42.6425382,-71.3093946,84,0
049d54b6-c109-38af-916b-c0b514ff365c,126b88f5-592a-3099-a433-c8b933f96d04,Charles364 Rempel203,M,GENERAL PRACTICE,573 GRANBY RD,SOUTH HADLEY,MA,010752122,42.23920485,-72.5586160752016,3,0
a02e9c2b-fbc4-3e20-97f3-444cf7f5b795,82c72223-f521-3a34-9b9b-4ff366365399,Shon148 Reinger292,M,GENERAL PRACTICE,2100 DORCHESTER AVENUE,QUINCY,MA,021691870,42.2509914,-71.0037374,132,0
fdd55f6d-0b7f-3535-9b2d-be4f0f3286bf,15e26ce3-9006-3ce2-9327-493180a15ec1,Luvenia178 Breitenberg711,F,GENERAL PRACTICE,6 GROVE ST,NORWELL,MA,020611534,42.172231693916025,-70.87836493029226,72,0
296db8ba-72b6-3783-987f-ff240c6dceab,b5e6f1bd-c744-3556-9775-5ff8399eea33,Hedwig986 Wiza601,F,GENERAL PRACTICE,2284 MAIN ST,CONCORD,MA,017423829,42.44300895,-71.42458458423982,7,0
7a4fa842-4914-3d85-9831-7d3fc26d2c62,f22bc2ac-f8bd-3f9f-9a40-93db37639d3f,Glennis930 Erdman779,F,GENERAL PRACTICE,735 ATTUCKS LN,HYANNIS,MA,026011867,41.6747631,-70.29768515601289,80,0
40212066-46b4-34ab-807d-221ed3e21014,04b252db-4231-3cb5-963d-6f096fb4b97c,Lorie307 Grady603,F,GENERAL PRACTICE,1177 PROVIDENCE HIGHWAY,NORWOOD,MA,020625019,42.194543,-71.1994976,2,0
08b0c018-c47c-3064-a623-5821ef5775f6,83579123-f29c-39b8-9f5f-8f79e91683c7,Hong136 Kassulke119,F,GENERAL PRACTICE,100 CENTURY DR,WORCESTER,MA,016061244,42.3138278,-71.7707002,136,0
f8d3600b-96f7-3b2f-b293-62d061a2132e,a977feef-f585-3fa8-8deb-7e60fc2cab30,Kimbra238 Schulist381,F,GENERAL PRACTICE,2314 MAIN STREET,TEWKSBURY,MA,018763128,42.58023655,-71.19367180835906,4,0
869e51e2-b0cc-3b93-b5eb-6b33c5b76729,1de7e7d9-9a7a-3a3f-bf4c-b4de450711f2,Vince741 Morissette863,M,GENERAL PRACTICE,198 LITTLETON RD,WESTFORD,MA,018863429,42.564282,-71.42620615382347,15,0
b5671850-af73-3dcb-b503-dcf046584204,7345a4c0-52c6-3da2-8aef-fccb8ad3e8c4,Nathan164 Padberg411,M,GENERAL PRACTICE,114 TURNPIKE RD STE 206,WESTBOROUGH,MA,015812800,42.28414835,-71.60433295499837,2,0
2e69cfb0-d0cf-3042-a66f-dd8941a586ad,497f39dd-280e-3d58-af5b-c5e3a3a09b10,Arden380 Bergstrom287,M,GENERAL PRACTICE,27 PARK ST,HYANNIS,MA,026015230,41.65363635,-70.27352219234834,376,0
7086be97-348e-345c-b81f-c432358bc9e4,b0762027-dc86-335b-8310-f4f031c1caca,Elijah719 Swift555,M,GENERAL PRACTICE,765 WEST CENTER STREET,WEST BRIDGEWATER,MA,023791517,42.01302315,-71.05345585281756,7,0
61b19a05-16bb-3286-b018-e25e19541004,0d7fd824-1c7b-3f8b-a662-f6c2005e82e1,Anita473 Llamas954,F,GENERAL PRACTICE,88 MASONIC HOME ROAD,CHARLTON,MA,015071394,42.1389039,-71.9782681,5,0
739fa580-a902-3a94-b0e7-90ec35f3d919,ed0c5b98-dc8a-3fc9-9856-61f1a1c75b11,Edwina60 Gerhold939,F,GENERAL PRACTICE,40 JULIO DR,SHREWSBURY,MA,015453010,42.29191827853838,-71.70343631978118,2,0
9ee1b462-aa4a-32a9-80c9-c51fa442fbe5,accb8cdd-6560-3fef-b0a6-f12c3295026a,Gerardo48 Bergstrom287,M,GENERAL PRACTICE,969 PARK STREET,ATTLEBORO,MA,027035115,41.9266899,-71.2611303145582,15,0
f925b4b4-7323-370b-a0b1-2d4cd9f13485,390a2aa4-70b4-3a64-a12f-9bd777834c8d,Evangeline16 Howe413,F,GENERAL PRACTICE,710 MAIN STREET,HARWICH PORT,MA,026461931,41.669654699920855,-70.06169919459835,76,0
012e7dd7-e8a3-3f5c-9222-4c8eeab47739,18a96051-91f4-3cba-af96-056ea14dfee0,Gaston250 Grimes165,M,GENERAL PRACTICE,25 HIGHLAND AVENUE,NEWBURYPORT,MA,019503872,42.81369325,-70.89091645747592,109,0
006c05c6-cb55-3e04-ac16-def20c90ba59,1ab2b5f9-cb95-3236-beec-9b9d4a407c61,Carroll471 Eichmann909,M,GENERAL PRACTICE,725 NORTH ST,PITTSFIELD,MA,012014109,42.4600752,-73.2492795834909,212,0
33b52ff9-b116-391f-9197-9dac63d7ccb4,07ae483b-b351-3add-8b05-afba832b88ea,Lanette41 Murray856,F,GENERAL PRACTICE,5 REDLANDS ROAD,WEST ROXBURY,MA,021321506,42.2879347,-71.15108161583282,4,0
9ea69ca4-1051-3acb-ae45-995cbc8002c0,1bed5229-19d7-3168-94a2-f1f2abb00270,Allan198 Moore224,M,GENERAL PRACTICE,88 WASHINGTON ST,TAUNTON,MA,027802465,41.9062805,-71.09518121351795,127,0
cbbcb33d-4404-3e09-a37d-43cc30bf89ea,9d41e4fc-9507-3ddb-82ad-966046fca031,Ashlyn643 Lehner980,F,GENERAL PRACTICE,104 RANDOLPH ROAD,WORCESTER,MA,016062465,42.29955605000001,-71.79838133819244,2,0
ac654e17-aecb-3309-9c4a-e64802327ede,5b0cd0a0-f277-3a66-bee6-d64b5be4a3f5,Waldo53 Hintz995,M,GENERAL PRACTICE,725 NORTH ST,PITTSFIELD,MA,012015493,42.4600752,-73.2492795834909,2,0
e803615d-f49f-3665-9c52-661f6e5f2a50,4956f573-3dc2-3a67-9692-2f57451744e6,Gustavo235 Muro989,M,GENERAL PRACTICE,400 BOLTON STREET,MARLBOROUGH,MA,017523912,42.35966285,-71.55290125539051,8,0
70569fe6-6aae-3965-9ce6-ab6223743ca0,b44955d1-f0e2-3beb-a013-708a81dbe430,Ernest565 Runte676,M,GENERAL PRACTICE,680 CENTRE ST,WEST BRIDGEWATER,MA,023791600,42.0219112,-71.019004,36,0
e598723f-f233-323b-ae8e-e8eda79c42ea,c1986c0c-f756-3596-8f90-08adacf220fe,Cristy798 Auer97,F,GENERAL PRACTICE,73 CHESTNUT STREET,SAUGUS,MA,019061605,42.4573919,-70.9918055,11,0
cf95b6b2-3bac-3d16-9bfb-c95cf2e31879,ad2dab07-4f85-3950-baaa-7c7cd2aa770c,Gertrud593 Kuhic920,F,GENERAL PRACTICE,55 LAKE AVENUE NORTH,WORCESTER,MA,016550002,42.2774799,-71.76166994969458,150,0
42349bdd-a6b2-3d41-8d6d-83edf6365d47,18b1bb7e-2f93-3253-a7ae-d19c13ffeaa1,Derick144 Bashirian201,M,GENERAL PRACTICE,29 E 29TH ST,WEST NEWBURY,MA,019854201,42.8014795,-70.989778,48,0
ffd9e2bd-febf-3b23-8ca2-91a4922acdb8,67d2f85b-ddc7-3ed0-b90b-6fa5b7b8358a,Marshall526 Jenkins714,M,GENERAL PRACTICE,43 FOUNDRY AVE,WALTHAM,MA,024538313,42.37050535,-71.21908334877376,17,0
91263eed-9dcb-31a5-9718-b2079d713c13,0d1570ab-371c-3898-9397-95905d8c5166,Santina680 Dicki44,F,GENERAL PRACTICE,750 WASHINGTON ST,BOSTON,MA,021111552,42.3499038,-71.0631836,21,0
df2844aa-553b-30f3-9ba7-b5319d8e40e8,1853aeef-5897-326a-80d6-aa4b0459eb6d,Kendra609 Kassulke119,F,GENERAL PRACTICE,381 WICKENDEN ST,ATTLEBORO,MA,027032247,41.9438129,-71.2806515,64,0
05413c34-e178-31d5-952d-349256657e0d,93552c27-f173-385f-8849-ee56c25f638b,Rubin812 Cummerata161,M,GENERAL PRACTICE,359 HIGH ST,GREENFIELD,MA,013012617,42.6033006,-72.58135309677492,1,0
bb67de52-f897-3a97-a1fb-f70e3ebaa8b9,94dda4e1-7476-367a-b1f8-37ea7f61a1b7,Chanell45 Robel940,F,GENERAL PRACTICE,145 WARD HILL AVENUE,WESTBOROUGH,MA,015811017,42.2694308,-71.6129907,62,0
7b40f26b-f769-3a25-96c5-1ae3915afc7b,01bb7b5c-f850-3c4e-a3f1-442d8273559a,Charley358 Effertz744,M,GENERAL PRACTICE,395 PLEASANT ST,NORTHAMPTON,MA,010603914,42.3150543,-72.62555561349089,21,0
c2c62137-894a-3df1-ad08-ed7bd00f93f7,2ca615f3-87f7-3283-a447-d919a883b676,Elizbeth263 Dickinson688,F,GENERAL PRACTICE,1399 WASHINGTON ST,HANOVER,MA,023391653,42.1441354,-70.8440854,7,0
d63fd189-14f1-3592-9bc6-0327e6774d74,c0a33465-d309-3d2a-932e-9d554a7cc19c,Veronika907 Rogahn59,F,GENERAL PRACTICE,100 CENTURY DR,WORCESTER,MA,016061244,42.3138278,-71.7707002,203,0
4ee682ac-421e-33ea-8601-7ed8c8182709,7f32dd7d-5c35-3ddb-839b-8fbbb930d412,Luna60 Littel644,F,GENERAL PRACTICE,863 CENTRAL STREET,FRAMINGHAM,MA,017014813,42.30758060362541,-71.42846215724606,8,0
f5b0db8d-81bd-33aa-80f7-27463f35ad0a,6e517750-a29e-3170-a02b-5733ff523458,Margarita164 Abbott774,F,GENERAL PRACTICE,101 BARRY RD,WORCESTER,MA,016091275,42.3030701,-71.8333408960994,51,0
4025d959-2a17-3500-a999-c7dbd6530e67,d36eba4a-0dfb-3a26-b9fe-eb74594bbe3c,Kyle55 Boyer713,M,GENERAL PRACTICE,1350 MAIN ST,WORCESTER,MA,016031550,42.2416259,-71.85047518091996,1,0
b35adeee-faf4-3786-83d3-103de0ef5a9a,3f12ebb4-e03c-3453-88d2-4fc9682383df,Irina619 Stiedemann542,F,GENERAL PRACTICE,726 COUNTY ST,NORTH DARTMOUTH,MA,027473603,41.6389926,-70.9703171,52,0
e3ddc967-5bef-3762-b273-b9775b7c2929,8ec2ca51-abb4-35dd-b90f-6c6aad6d2124,Oda116 Conn188,F,GENERAL PRACTICE,22 JOHNSON STREET,PEABODY,MA,019602311,42.54644385,-70.99288129112277,15,0
4c01eb82-01e9-3b37-a2c8-ef8d7723fa58,9fdce5d5-d4d0-3156-a8d5-8757bfe4e9b3,Pamelia915 Kilback373,F,GENERAL PRACTICE,1 FARMER CIR,ARLINGTON,MA,024742866,42.42405225,-71.16792616556859,59,0
8bb85f79-3a33-3bff-975b-62607bf4d584,68027854-a51a-324b-8f20-2da7be608ebf,Ruth999 Legros616,F,GENERAL PRACTICE,50 RECREATION PARK DRIVE,HINGHAM,MA,020434206,42.176395,-70.90419664699353,18,0
89779ecc-739c-3cc5-bbb7-3f4276315a49,e8d0fea4-45cb-32d3-8798-0fe6156c4409,Dannie881 Howell947,F,GENERAL PRACTICE,265 ESSEX STREET,BEVERLY,MA,019151958,42.56513015,-70.86168781456092,1,0
f738faa5-8233-3bae-a619-f706d6254b9f,e5b9db6a-8dd8-3622-b9ce-3dc593e111d1,Carmelita854 Tromp100,F,GENERAL PRACTICE,1223 BEACON ST STE A,BROOKLINE,MA,024465332,42.3430087,-71.1170155,33,0
c7068b53-ae63-3252-a9ac-1da894180d64,aad05540-c9cb-3805-b3c4-f9b9d9b42b2e,Quentin28 Fritsch593,M,GENERAL PRACTICE,821 E MAIN ST STE 3,CHICOPEE,MA,010206306,42.155774795300516,-72.55672263289513,200,0
3b0d490b-ab6f-3f22-9fe8-f65c0c98932b,2987ddf5-7ff2-3e4a-9e25-d654a10313fd,Ted955 O'Connell601,M,GENERAL PRACTICE,519 MAIN STREET,MEDFIELD,MA,020522522,42.186209649999995,-71.30745495273302,4,0
40491510-467d-305d-862f-aae9bcd4d246,0e9d0119-1157-35a0-8bb5-7e0aa3041928,Kari181 Trantow673,F,GENERAL PRACTICE,1049 MAIN STREET,SPRINGFIELD,MA,011032114,42.09977055,-72.58470990760483,129,0
9b84529a-d32e-3e10-b7ec-e05dcd679b87,3a9bf5ed-e584-3532-98a0-1e3a1f909db2,Kristen940 D'Amore443,F,GENERAL PRACTICE,51 HOVENDON AVE,BROCKTON,MA,023021220,42.11106635,-71.0162512,17,0
c5f62624-111d-32f8-8d78-f218f7a74419,c9aabcbd-d4e0-391f-8980-d0be6934ea82,Shonda871 Leffler128,F,GENERAL PRACTICE,340 PLEASANT ST,BROCKTON,MA,023013236,42.08764334999999,-71.03287346676532,47,0
7667aa12-3c78-310b-ab2b-2910cc7af1b2,2fb77691-5353-358a-bc94-90af77dd654b,Donnell534 D'Amore443,M,GENERAL PRACTICE,200 GROTON RD,AYER,MA,014321168,42.577352149999996,-71.57414587343038,485,0
5b34c001-e787-37ad-9aae-66b29a99b19a,cbebae9e-f95e-3d2c-9712-289ea8d6aeec,George991 Haley279,M,GENERAL PRACTICE,49 ROBINWOOD AVENUE,QUINCY,MA,021698130,42.2509914,-71.0037374,262,0
0cfb3143-16ec-3805-aa4b-9f12739d92ab,1cec4304-9757-3a10-ad4f-7e2090c56131,Theo630 Rohan584,M,GENERAL PRACTICE,55 LAKE AVE N,WORCESTER,MA,016550002,42.2774799,-71.76166994969458,205,0
07f8c30e-bd80-374a-be32-f7743add7858,5862e05c-9533-3f7a-8f73-215d50f5ee2f,Estell607 Barton704,F,GENERAL PRACTICE,1200 CENTRE ST,ROSLINDALE,MA,021311000,42.29768,-71.130463,41,0
0b802b18-21e0-33ab-a305-e905db87784b,a8f1424c-00bc-3403-8db5-cd600978f3a4,Amos720 Bogan287,M,GENERAL PRACTICE,8 BURNHAM ST,TURNERS FALLS,MA,013761816,42.6042523,-72.5564777,67,0
0f16f374-83ce-3591-b6e8-3080009a4468,a5577e5c-b886-37a0-8eee-8ff6feb7ea6b,Leopoldo762 Keebler762,M,GENERAL PRACTICE,330 MOUNT AUBURN ST,CAMBRIDGE,MA,021385502,42.3741033,-71.13417575971958,206,0
0e29c01c-a50a-35e5-8210-5a738a3a2310,5581e43d-0463-3a0b-afc7-a60aea5ac96c,Brock407 VonRueden376,M,GENERAL PRACTICE,57 RIVER RD,ANDOVER,MA,018101144,42.69112645,-71.19636086287642,41,0
f423f569-85ab-328f-abe6-b2ac76040f0b,ce9c1582-994d-32bf-835c-474a249d2804,Clifton91 Veum823,M,GENERAL PRACTICE,275 MARTINE STREET  SUITE 104,FALL RIVER,MA,027231500,41.68393816525316,-71.1220830626733,4,0
ab086486-5e9a-3168-9eb7-b11844924eba,62b55e5b-b58f-354d-8f2d-f2a330bc619e,Brandon214 Gerlach374,M,GENERAL PRACTICE,201 HIGHLAND ST,CLINTON,MA,015101037,42.42738865,-71.69329092351188,856,0
04a7249e-9313-38e2-94d7-a7872d86edd6,966245ce-e84d-36b0-a838-2e0b5bb2e668,Refugio197 Crooks415,M,GENERAL PRACTICE,1425 BLUE HILL AVENUE,MATTAPAN,MA,021262122,42.2754929,-71.09384131587021,14,0
bbf685e0-ae1e-3991-b328-d637ac5a9259,2bde75a8-708f-3930-8d57-100ab365d413,Cedrick207 Gleason633,M,GENERAL PRACTICE,173 WORCESTER ST,WELLESLEY,MA,024815521,42.2964859,-71.2925571,41,0
d58c2592-9dfa-3b92-9699-76b6ec077b80,9656a864-3b93-356f-9fa6-d7988e249977,France571 Feil794,F,GENERAL PRACTICE,950 N MAIN ST STE 203,RANDOLPH,MA,023683064,42.1871612,-71.0568102,42,0
9f07a7e9-6223-3fe7-94b0-f7898570d428,4eddfa13-f996-3048-9bbc-541b0a29038a,Vince741 Schmidt332,M,GENERAL PRACTICE,736 CAMBRIDGE ST,BRIGHTON,MA,021353601,42.348649949999995,-71.14799584850206,8,0
4f1d115d-41e1-3dfd-a4e1-966d51180f83,845fbd9b-2d1c-39a8-8261-28ae40e4fab2,Sam879 Rippin620,F,GENERAL PRACTICE,14 PROSPECT STREET,UPTON,MA,015681431,42.1700209025178,-71.59409308099494,349,0
b8352da4-4291-3e54-b5c7-32a913eefc91,946ec45f-5c4a-361f-b158-927144864133,Glynda607 Harvey63,F,GENERAL PRACTICE,19 MIDSTATE DRIVE  SUITE 130,AUBURN,MA,015011856,42.1894693,-71.85604765,3,0
e8c8edf8-d94d-374a-87a2-c13e9eaee01f,bac9dc0c-cb0f-3fa6-aa12-819dd0fb922a,Floy720 Greenfelder433,F,GENERAL PRACTICE,1493 CAMBRIDGE ST,SOMERVILLE,MA,021452935,42.3875968,-71.0994968,37,0
39b7df1f-9fd6-3876-b5f0-601919cab7cb,84d5768f-3a21-3da9-aad2-bbf7a3ae2700,Elba502 Schneider199,F,GENERAL PRACTICE,817 MERRIMACK ST,LOWELL,MA,018543548,42.650296999999995,-71.32263756223612,41,0
2d37dd97-d425-38ad-8ebf-d792b91a433c,9ce6072b-d039-3cde-8eaf-950211b8ae88,Saul605 Ratke343,M,GENERAL PRACTICE,147 S MAIN ST,MIDDLETON,MA,019492446,42.585787222720036,-71.00861442427218,12,0
7a1ac710-e019-3099-ac57-c9afa36000c8,af8566eb-8918-3ec7-ba44-92b6a2cf8097,Trevor374 Walker122,M,GENERAL PRACTICE,81 HIGHLAND AVE,SALEM,MA,019702714,42.5112107,-70.90516241826194,243,0
daeb51b8-2dae-3843-9159-3f56fc63d31b,ecd3b321-0a8a-3ce6-81f0-982dd77fce43,Hunter736 Lesch175,M,GENERAL PRACTICE,25 HIGHLAND AVE,NEWBURYPORT,MA,019503867,42.81369325,-70.89091645747592,76,0
adfa02df-8a56-3f1b-8778-5f38a4bccdb7,c762a0ef-bfba-3261-b90c-4059f7bcc87d,Jerrod232 Cormier289,M,GENERAL PRACTICE,160 MAIN STREET,WALPOLE,MA,020814037,42.168752850000004,-71.23027591232932,1,0
1f55f7b4-200d-370d-b91d-802439ad7526,42c13743-f36f-370a-a5ca-3e3c9795e02d,Wade235 Toy286,M,GENERAL PRACTICE,17 CHIPMAN WAY,KINGSTON,MA,023641039,42.0115267956362,-70.78988939618995,1,0
6a58b6d1-ec1f-3082-a1df-1b748c4436b6,03d7ee12-bdfe-3e48-9d29-757eb6f01ad0,Phuong301 Wisozk929,F,GENERAL PRACTICE,44 SUMMER ST,DANVERS,MA,019231574,42.57663745,-70.94996137026163,2,0
581bf213-d773-3e45-8e09-a020a53b159a,4f5e8f16-a31b-3071-8556-d7188ede313d,Kala987 Wolf938,F,GENERAL PRACTICE,575 BEECH ST,HOLYOKE,MA,010402223,42.20105435,-72.628169560868,18,0
29a312c6-d691-3b0f-a5db-6436034ac93c,69cb2157-b620-3c51-9c94-f516462d2d55,Luther918 Schroeder447,M,GENERAL PRACTICE,11 WATER ST,ARLINGTON,MA,02476,42.41642055,-71.15424293038585,56,0
b13e3ecb-c473-3800-abbe-563b1c99417e,ae3eab22-8868-37bb-9a59-2b8bfe14bf34,Minh326 Smitham825,M,GENERAL PRACTICE,2033 MAIN STREET,ATHOL,MA,01331,42.58522105,-72.20868129339888,191,0
6ff97210-647b-359c-a83a-f680f30eae55,9a20d707-68e4-32c0-b2b2-2f5d5c2012cd,Lorinda137 Pouros728,F,GENERAL PRACTICE,131 CAMBRIDGE ST STE 1,BURLINGTON,MA,018033711,42.50284395,-71.19574553661971,97,0
b1ef20e2-7d20-33fa-bee2-d354d0e75e4d,41f66e18-8eb7-32f2-9371-7df5bf2b8d21,Lonnie913 Mraz590,M,GENERAL PRACTICE,170 UNIVERSITY DRIVE,GREENFIELD,MA,013011238,42.6097476,-72.5979752,3,0
66a12c9e-f44e-34d1-a535-b63c3455e898,a25107f7-f4f5-36fc-98e4-f3e1b5875c91,Tracy345 Wilderman619,M,GENERAL PRACTICE,1285 BEACON ST,WOBURN,MA,018012157,42.4979478,-71.1684508,16,0
d91134e1-ac63-36ba-b204-9acd12383e29,0e6c3ad1-24c1-34cb-bb6d-e8438fa319e2,Vern731 Casper496,M,GENERAL PRACTICE,50 DODGE ST,SWAMPSCOTT,MA,019071300,42.4699241,-70.9171507,6,0
f5f14bd4-a585-3d92-980f-eaba4924b9a3,3695125c-c052-3ece-898a-2a6448987ae5,Sean831 DuBuque211,M,GENERAL PRACTICE,2040 BOSTON RD STE 5,WILBRAHAM,MA,010951380,42.150295650000004,-72.47288272264812,28,0
f608bce0-5e23-310c-84e0-28bd43ab0c15,bdd9ad72-443a-3563-a626-4c45f6d058b2,Zachary28 Bogan287,M,GENERAL PRACTICE,147 PELHAM STREET,WORCESTER,MA,016072105,42.265209,-71.814005,8,0
3ff24ef0-696e-31af-ae73-44152616fdc1,05fcf001-ab24-3d7d-85f7-f64942d82738,Leonarda398 Schumm995,F,GENERAL PRACTICE,250 POND STREET,FRAMINGHAM,MA,017014592,42.2838619,-71.4093719,181,0
f76e8991-0ddd-3bb0-b351-61bd92e32a46,e7b77e8f-b607-3273-aef9-ad1bca48813f,Rolland302 Turcotte120,M,GENERAL PRACTICE,209 W CENTRAL ST STE 216,NATICK,MA,017603716,42.28202598359604,-71.3899479380402,37,0
3027e5c4-7a62-3c02-95d8-a47500bb6732,0e3a24c3-b772-3059-b3fd-8a4710068a82,Malka46 Gerhold939,F,GENERAL PRACTICE,416 BROADWAY,RAYNHAM,MA,027671737,41.940680799999996,-71.07864352196617,66,0
8dde7df7-e672-36c1-b971-5cd7cdcff22f,f68ebf98-ba5b-35af-b2bd-da56cc5b13be,Diana207 Martínez540,F,GENERAL PRACTICE,270 LITTLETON RD STE 22,WESTFORD,MA,018863524,42.5569148,-71.4366336131239,3,0
dd680418-4c52-37cd-a885-2fa1182b0cdb,b8d40f5c-9e4d-3639-89ef-8bf375cb3184,Joshua658 Howe413,M,GENERAL PRACTICE,190 OLD DERBY STREET,HINGHAM,MA,020434065,42.1807101,-70.9170852970031,1,0
3f9e6a84-0667-394d-81a0-30fe74e0777a,9adfae03-673d-365d-9052-f705098fa3e4,Daniel959 Wolff180,M,GENERAL PRACTICE,51 BLOSSOM ST,BOSTON,MA,021142699,42.36305545,-71.06643399281765,75,0
dc263dbc-1599-3228-bd67-eccb7f0bcc2a,9f85a8c8-007c-3490-a7b7-4a0324c13307,Marilu588 Coronado577,F,GENERAL PRACTICE,70 FULTON ST,BOSTON,MA,021091402,42.362439499999994,-71.05377386223965,80,0
fae91197-c258-3c13-8ee9-691791e16d6c,25431f9a-00e4-36d8-9810-4125328eec50,Kati243 Ruecker817,F,GENERAL PRACTICE,55 FRUIT ST,WALTHAM,MA,02451,42.3756401,-71.2358004,7,0
648f6c45-8dec-390a-b285-99c6ee972395,89171335-b9c0-3326-98d6-a837d432b9fd,Lorette239 Hauck852,F,GENERAL PRACTICE,150 FLANDERS ROAD,LYNN,MA,019042915,42.466763,-70.9494939,188,0
6cdf1694-4dd5-371e-a6d4-760ef0b8c3e1,5d2ca149-126a-3dd3-a029-35b55c89988b,Oren284 Hamill307,M,GENERAL PRACTICE,87 BRIARWOOD CIR,WORCESTER,MA,016061225,42.32061485,-71.7709968832562,1,0
82182e94-94c9-3bde-ab30-65af1b61b4c5,01bde980-bf89-3138-8912-7360dff33247,Caroline183 Lang846,F,GENERAL PRACTICE,456 PARK AVE,WORCESTER,MA,016101254,42.25512735,-71.82580924803523,7,0
52dc1a8f-9eaa-3d32-bae9-b724b2503d9b,1484fc69-2eb0-3bba-8656-d5ead4973895,Lashawnda573 Schaefer657,F,GENERAL PRACTICE,260 MERRIMAC ST,NEWBURYPORT,MA,019502192,42.817380099999994,-70.88125573659471,30,0
98703b98-8897-32da-ac73-11ef0ae774e4,217cb6f6-e822-3831-9d9d-ffa104971042,Luther918 Jakubowski832,M,GENERAL PRACTICE,2 REHABILITATION WAY,WOBURN,MA,018016003,42.46352265,-71.161925472006,429,0
05db2f12-aba0-3292-9a93-8b8d3e75a292,e2a8b444-9b8f-36ff-84c4-05ee98589482,Manuela585 Valdés907,F,GENERAL PRACTICE,8 SHIPWAY PL # C-8,CHARLESTOWN,MA,021294301,42.3778749,-71.0619957,89,0
7bb45871-c381-325f-bc9b-cf606b20e216,71f4c23f-7559-31ff-8f42-a672e80b85a2,Clayton230 Jast432,M,GENERAL PRACTICE,300 FIRST AVENUE,WESTBOROUGH,MA,015812831,42.2694308,-71.6129907,111,0
18d3653a-85d5-3908-be92-3dd6591e7c4e,e0cc7e8e-e1a4-3a02-b589-0a35741d39fe,Alla648 Towne435,F,GENERAL PRACTICE,990 PARADISE RD,SWAMPSCOTT,MA,019071831,42.48374535000001,-70.90120467000462,12,0
bb78d206-23c2-3d08-b3ac-a5e19154ac07,121b0ad1-1beb-3caa-9271-3d3f726bb727,Cortez851 Price929,M,GENERAL PRACTICE,1030 MAIN STREET,WALTHAM,MA,024517447,42.375828,-71.2527956,4,0
5f275931-971f-3a88-aa1b-0efe0a9fbbbc,9ba25035-53e5-344b-9b9e-94331a58d1d4,Edwin773 Schultz619,M,GENERAL PRACTICE,420 MAIN ST,WALPOLE,MA,020812553,42.161882199999994,-71.2388707178431,35,0
11c9cee9-0b11-367a-a569-206d2d45bf33,2fc3d86d-4194-3ad1-bb8a-99d5d34119a1,Trent525 Krajcik437,M,GENERAL PRACTICE,300 CONGRESS ST STE 203,QUINCY,MA,021690907,42.2345525,-71.01493330273374,29,0
384d7ad6-99a8-3651-b062-2dd81a14e994,67cade01-dcfe-37b7-8e2c-b712d9e6fbba,Lelah386 Wintheiser220,F,GENERAL PRACTICE,694 MAIN ST,HOLDEN,MA,015201862,42.3406819,-71.8390289,101,0
7975e847-1f32-334e-999a-68a588670605,9f368e75-397f-3d77-a317-9a005512a4e2,Franklin857 Pfannerstill264,M,GENERAL PRACTICE,381 PARK AVE,WORCESTER,MA,016101026,42.2583962,-71.82204240042036,32,0
2927d6f0-ab95-3a1d-810e-34089d3f5831,95f6c328-96dd-3fb8-a56e-9aad566094b4,Burton124 Schoen8,M,GENERAL PRACTICE,4 STONY HILL ROAD,WILBRAHAM,MA,010951027,42.1552861,-72.48384800788648,9,0
bfc59723-2992-344e-97e3-30fd3c9de183,47602b5b-f4aa-3c73-aa26-2268ccf7a83c,Christopher407 Fisher429,M,GENERAL PRACTICE,90 LINDALL STREET,DANVERS,MA,019232125,42.574712149999996,-70.94359556912616,15,0
b40ce5c8-494c-32f5-82bc-3e092514c911,76baa51d-0d0f-359d-a07b-7b999a43d42e,Dong972 Gibson10,F,GENERAL PRACTICE,101 STATION DR STE 240,WESTWOOD,MA,020902336,42.20728361922244,-71.15698168263435,10,0
1af3626d-3c80-3ff0-9942-a5fcf9e79fba,20f63278-6709-3195-b767-782d2a10bd5c,Stacee229 Krajcik437,F,GENERAL PRACTICE,640 CONCORD AVENUE,CAMBRIDGE,MA,021381116,42.389222000000004,-71.14799280677965,10,0
2358968c-ad56-3a45-934b-86219ba0786f,c709c5eb-ddd7-3778-84f7-0931a4d1c718,Jim478 Goyette777,M,GENERAL PRACTICE,1200 CENTRE ST,ROSLINDALE,MA,021311000,42.29768,-71.130463,3,0
35949f33-6b21-3a27-be5b-c59cc2eb62b0,c05d73d0-b348-32ce-9fe5-13a720950f37,Rema399 McDermott739,F,GENERAL PRACTICE,45 DRUM HILL RD,CHELMSFORD,MA,018241503,42.6255635,-71.3615131,7,0
abc74ec2-e036-3f59-be82-fc684f492fdd,ac0fde88-b0ad-3388-a4a8-b8fc2a4f4af2,Lloyd546 Wuckert783,M,GENERAL PRACTICE,150 YORK STREET,STOUGHTON,MA,020729105,42.144646800000004,-71.09875876961266,173,0
3b4a9c0b-2703-3878-9948-0d9b3d51de13,de3cc142-803a-3ed4-8945-75ec88a84784,Brittni468 Trantow673,F,GENERAL PRACTICE,51 HOSPITAL ROAD,BALDWINVILLE,MA,014361215,42.6108483,-72.0608364,19,0
29e14a93-2291-3d62-90bb-7d7fc2038cf3,0592d4e5-a0fb-3143-83cd-8e5a6b066a96,Ana Luisa894 Gallardo890,F,GENERAL PRACTICE,20 EAST ST,HANOVER,MA,023391638,42.1278249,-70.82664947485381,20,0
fc28af97-1c8c-3fcb-9f01-455ce54aeacb,7b5bf0fc-c5c0-3f22-980b-fdfff326a9b4,Lorenzo669 Castañeda925,M,GENERAL PRACTICE,40 CUMBERLAND AVE,NORTH ATTLEBORO,MA,027604445,41.9316677,-71.35407469790115,7,0
dd403282-3c94-34f4-9333-ea9d75473c38,6aae7a31-90df-3455-ad8d-81f8cf2d21e8,Houston994 Funk324,M,GENERAL PRACTICE,680 CENTRE ST,BROCKTON,MA,023023308,42.0872752,-70.9910738855076,80,0
e6f17b2e-e9ba-357a-b215-9d2248d2c609,14036728-b721-3e4b-8755-8ee8ab6ed15e,Rocky100 Schmeler639,M,GENERAL PRACTICE,625 MOUNT AUBURN ST,CAMBRIDGE,MA,021384518,42.375351,-71.1468628,29,0
